id,first_name,last_name,email,gender,ip_address
1,Consolata,Ceely,cceely0@youtube.com,Female,13.134.118.172
2,Fara,Nequest,fnequest1@drupal.org,Female,158.21.213.185
3,Paolo,Gudahy,pgudahy2@accuweather.com,Male,158.71.219.213
4,Celinka,Petchell,cpetchell3@artisteer.com,Female,156.208.242.181
5,Jackson,Getley,jgetley4@reddit.com,Male,33.162.19.195
6,Kareem,De Witt,kdewitt5@over-blog.com,Male,44.193.109.147
7,Jameson,Castelain,jcastelain6@ftc.gov,Male,55.165.111.51
8,Jourdain,Wollrauch,jwollrauch7@stanford.edu,Male,27.162.194.152
9,Pascal,Weymouth,pweymouth8@alexa.com,Male,29.12.145.237
10,Ingunna,Tommis,itommis9@amazonaws.com,Female,45.20.245.249
11,Onofredo,Keelan,okeelana@storify.com,Male,192.70.12.7
12,Casar,Hellwing,chellwingb@globo.com,Male,26.145.130.193
13,Rebeka,Cluney,rcluneyc@google.it,Female,60.13.155.1
14,Devan,Beauvais,dbeauvaisd@cnbc.com,Female,72.237.228.175
15,Clara,Feldberg,cfeldberge@surveymonkey.com,Female,1.202.78.186
16,Fara,Friberg,ffribergf@newsvine.com,Female,45.197.108.122
17,Bruce,Crosetti,bcrosettig@nytimes.com,Male,44.138.91.21
18,Erinn,Davidovitch,edavidovitchh@illinois.edu,Female,233.231.220.127
19,Quintana,Cathie,qcathiei@biglobe.ne.jp,Female,43.87.123.167
20,Hadlee,Gornal,hgornalj@vinaora.com,Male,57.19.252.83
21,Sioux,Phil,sphilk@cnn.com,Female,22.196.160.99
22,Sigmund,Gloves,sglovesl@addthis.com,Male,133.194.34.228
23,Enriqueta,Stollenbeck,estollenbeckm@webnode.com,Female,7.55.38.4
24,Pete,Hanington,phaningtonn@wired.com,Male,132.80.52.144
25,Joshuah,Fandrey,jfandreyo@discovery.com,Male,209.59.68.109
26,Issi,Smissen,ismissenp@hud.gov,Female,102.128.89.81
27,Valida,Goede,vgoedeq@dropbox.com,Female,70.137.125.47
28,Merle,Vasilmanov,mvasilmanovr@jigsy.com,Male,90.107.253.178
29,Helenka,Koene,hkoenes@goo.ne.jp,Female,51.120.192.78
30,Fay,Balnave,fbalnavet@europa.eu,Female,181.29.34.105
31,Nealy,Ramage,nramageu@dedecms.com,Male,167.220.22.159
32,Ambros,Solomonides,asolomonidesv@hatena.ne.jp,Male,105.4.194.248
33,Odelle,Minchin,ominchinw@ibm.com,Female,186.18.75.213
34,Anya,Slowan,aslowanx@nyu.edu,Female,180.220.176.121
35,Myrta,Thynne,mthynney@narod.ru,Female,20.127.162.80
36,Isidoro,Allred,iallredz@meetup.com,Male,248.218.98.140
37,Ronda,Manis,rmanis10@blogtalkradio.com,Female,120.190.81.175
38,Cecil,Campbell-Dunlop,ccampbelldunlop11@timesonline.co.uk,Male,15.194.244.52
39,Thain,Gulleford,tgulleford12@reverbnation.com,Male,71.83.74.190
40,Sybil,Chucks,schucks13@diigo.com,Female,237.151.235.194
41,Annabela,Rehn,arehn14@acquirethisname.com,Female,96.14.104.30
42,Land,Kittle,lkittle15@shareasale.com,Male,91.47.81.218
43,Isobel,Jaegar,ijaegar16@php.net,Female,249.155.157.52
44,Nealy,Turtle,nturtle17@nifty.com,Male,153.12.199.147
45,Ajay,Maestro,amaestro18@earthlink.net,Female,121.75.174.116
46,Allison,Childers,achilders19@furl.net,Female,217.126.18.32
47,Roarke,Moquin,rmoquin1a@yellowbook.com,Male,71.215.107.234
48,Herve,Neild,hneild1b@lulu.com,Male,235.90.249.212
49,Horatius,Battill,hbattill1c@accuweather.com,Male,255.210.87.210
50,Mort,Bitterton,mbitterton1d@google.com.br,Male,42.179.200.159
51,Marshall,McLevie,mmclevie1e@xrea.com,Male,204.117.50.191
52,Tiphanie,Mallion,tmallion1f@shop-pro.jp,Female,139.66.91.40
53,Demetra,Pickrell,dpickrell1g@opensource.org,Female,124.234.131.252
54,Maison,Lydster,mlydster1h@ameblo.jp,Male,228.248.123.113
55,Horace,Barwood,hbarwood1i@bravesites.com,Male,178.190.87.108
56,Francisca,Snar,fsnar1j@theguardian.com,Female,124.181.172.73
57,Hilary,Radbourn,hradbourn1k@oaic.gov.au,Male,34.252.149.95
58,Aloise,Birden,abirden1l@over-blog.com,Female,175.58.150.57
59,Nickolas,Georgescu,ngeorgescu1m@jigsy.com,Male,187.241.18.139
60,Kirsti,Kitson,kkitson1n@bbc.co.uk,Female,128.166.36.139
61,Salaidh,MacGovern,smacgovern1o@163.com,Female,184.3.186.117
62,Chiarra,Snelgrove,csnelgrove1p@nhs.uk,Female,156.94.60.239
63,Rutter,Carnson,rcarnson1q@cocolog-nifty.com,Male,233.97.187.179
64,Hendrik,Pitkins,hpitkins1r@wunderground.com,Male,128.122.156.169
65,Sky,Gilding,sgilding1s@apple.com,Male,173.94.238.221
66,Artemas,Gann,agann1t@wufoo.com,Male,182.187.216.248
67,Addison,Rubinowitsch,arubinowitsch1u@wikispaces.com,Male,36.40.230.235
68,Leslie,Irlam,lirlam1v@networkadvertising.org,Male,169.240.116.116
69,Edy,Kenwright,ekenwright1w@china.com.cn,Female,36.244.133.127
70,Esmeralda,Heatherington,eheatherington1x@census.gov,Female,169.182.67.182
71,Iggy,Blackborow,iblackborow1y@uol.com.br,Male,217.211.186.38
72,Sibyl,MacFarland,smacfarland1z@nyu.edu,Male,178.199.243.157
73,Kermit,Denisyuk,kdenisyuk20@weather.com,Male,177.41.9.200
74,Rhonda,Simison,rsimison21@economist.com,Female,143.205.73.169
75,Lynelle,Bewshire,lbewshire22@vinaora.com,Female,53.38.244.33
76,Aimil,Woolfoot,awoolfoot23@meetup.com,Female,238.242.120.181
77,Ulick,Myhill,umyhill24@ft.com,Male,183.253.11.57
78,Elysee,Maslin,emaslin25@amazon.com,Female,21.161.12.205
79,Cull,Steddall,csteddall26@engadget.com,Male,68.242.254.36
80,Neile,Geldart,ngeldart27@addtoany.com,Female,115.123.81.155
81,Grover,Philippe,gphilippe28@fda.gov,Male,141.180.11.229
82,Fielding,Tomlinson,ftomlinson29@prlog.org,Male,38.83.107.220
83,Gertrudis,Moston,gmoston2a@goo.gl,Female,158.255.229.47
84,Bobbie,Nicklen,bnicklen2b@1688.com,Male,127.13.205.86
85,Nonie,Awin,nawin2c@wunderground.com,Female,160.176.188.212
86,Philippe,Kirrage,pkirrage2d@apple.com,Female,246.119.197.219
87,Magdaia,Sherwyn,msherwyn2e@amazonaws.com,Female,243.168.77.120
88,Jarrid,Rosevear,jrosevear2f@dedecms.com,Male,83.135.137.68
89,Powell,Simpole,psimpole2g@yandex.ru,Male,135.216.99.133
90,Quinn,Vigars,qvigars2h@etsy.com,Female,36.18.174.88
91,Sybila,Voss,svoss2i@list-manage.com,Female,48.176.211.139
92,Cordi,Pygott,cpygott2j@sakura.ne.jp,Female,204.23.156.89
93,Abby,McMorran,amcmorran2k@craigslist.org,Male,250.148.37.251
94,Ynes,Postance,ypostance2l@amazon.co.jp,Female,7.42.252.254
95,Reagan,O'Murtagh,romurtagh2m@delicious.com,Male,191.77.199.102
96,Dosi,Childes,dchildes2n@marriott.com,Female,204.33.118.189
97,Jeannette,Dickens,jdickens2o@hostgator.com,Female,109.83.163.110
98,Merv,Pitkethly,mpitkethly2p@sina.com.cn,Male,219.3.58.188
99,Robbi,Maestrini,rmaestrini2q@creativecommons.org,Female,35.49.59.17
100,Caryl,Walthall,cwalthall2r@europa.eu,Male,20.138.197.68
101,Minette,Parlot,mparlot2s@blogtalkradio.com,Female,242.218.134.149
102,Sumner,Tripony,stripony2t@arizona.edu,Male,8.105.5.168
103,Clarance,Mathivat,cmathivat2u@so-net.ne.jp,Male,233.233.177.107
104,Will,Barley,wbarley2v@pbs.org,Male,146.22.6.253
105,Norina,Critchard,ncritchard2w@baidu.com,Female,89.199.185.231
106,Cacilie,Eustace,ceustace2x@goo.gl,Female,209.139.175.111
107,Seymour,Taffs,staffs2y@twitter.com,Male,182.6.190.160
108,Annmaria,Swain,aswain2z@163.com,Female,126.62.21.120
109,Adelice,Hercock,ahercock30@ucoz.com,Female,36.93.70.253
110,Modesta,Coltherd,mcoltherd31@timesonline.co.uk,Female,134.54.32.180
111,Mervin,Cohrs,mcohrs32@domainmarket.com,Male,246.103.118.42
112,Theresita,Skuse,tskuse33@mysql.com,Female,42.23.177.224
113,Beret,Huard,bhuard34@time.com,Female,38.222.44.103
114,Salomo,Duell,sduell35@ft.com,Male,189.23.202.10
115,Tadeas,Swayland,tswayland36@trellian.com,Male,174.252.240.184
116,Hilary,Leggan,hleggan37@mit.edu,Male,52.7.213.128
117,Emylee,Cork,ecork38@sina.com.cn,Female,152.85.26.182
118,Jed,Skamal,jskamal39@xinhuanet.com,Male,168.231.246.34
119,Jodi,Grolle,jgrolle3a@sogou.com,Male,43.186.241.255
120,Carla,Blaney,cblaney3b@booking.com,Female,205.250.171.21
121,Alexandr,Dodgshun,adodgshun3c@nasa.gov,Male,40.90.226.14
122,Leon,Mathey,lmathey3d@addthis.com,Male,48.17.135.170
123,Val,Westlake,vwestlake3e@bigcartel.com,Male,7.106.59.119
124,Lin,Wedmore.,lwedmore3f@imgur.com,Male,103.186.11.55
125,Julina,Littell,jlittell3g@theglobeandmail.com,Female,35.32.205.123
126,Darcie,Chuter,dchuter3h@bing.com,Female,211.233.238.195
127,Eduino,Proudman,eproudman3i@weebly.com,Male,192.129.198.77
128,Karyl,Iacomo,kiacomo3j@alexa.com,Female,250.196.156.158
129,Levy,Allsobrook,lallsobrook3k@blinklist.com,Male,134.20.19.77
130,Nicola,Billborough,nbillborough3l@berkeley.edu,Female,177.156.53.25
131,Marleen,Cozby,mcozby3m@ucoz.ru,Female,142.93.146.164
132,Norry,Byron,nbyron3n@dyndns.org,Male,56.55.188.193
133,Isak,Sargerson,isargerson3o@i2i.jp,Male,251.182.115.171
134,Cherin,Carville,ccarville3p@quantcast.com,Female,69.135.159.162
135,Carlota,Rivaland,crivaland3q@nytimes.com,Female,194.184.58.131
136,Elfie,Merredy,emerredy3r@posterous.com,Female,137.100.247.35
137,Adam,Sheraton,asheraton3s@wisc.edu,Male,43.40.2.195
138,Yale,Gillon,ygillon3t@nih.gov,Male,187.88.83.207
139,Lyndel,Steptoe,lsteptoe3u@hatena.ne.jp,Female,176.191.14.128
140,Jerrylee,Lapthorne,jlapthorne3v@istockphoto.com,Female,80.239.88.102
141,Leoine,Kuhnke,lkuhnke3w@java.com,Female,183.24.182.82
142,Ame,Newart,anewart3x@myspace.com,Female,39.188.144.79
143,Omero,Colliver,ocolliver3y@amazon.co.jp,Male,203.191.222.159
144,Ammamaria,Longstaffe,alongstaffe3z@multiply.com,Female,9.233.151.60
145,Ara,Skedgell,askedgell40@biblegateway.com,Male,77.228.121.101
146,Gilburt,Schober,gschober41@theguardian.com,Male,204.116.86.234
147,Willabella,Inkster,winkster42@theatlantic.com,Female,157.255.207.65
148,Egbert,Foxen,efoxen43@fda.gov,Male,107.172.173.225
149,Marylynne,Bawle,mbawle44@google.com,Female,197.8.64.13
150,Ethelin,Thorogood,ethorogood45@china.com.cn,Female,180.79.105.134
151,Norby,Bottjer,nbottjer46@economist.com,Male,176.38.215.129
152,Debee,Rhead,drhead47@globo.com,Female,179.9.86.13
153,Wright,Menlow,wmenlow48@dailymail.co.uk,Male,23.139.150.24
154,Jacquelynn,Baudinelli,jbaudinelli49@zdnet.com,Female,128.160.6.247
155,Etty,Hysom,ehysom4a@nationalgeographic.com,Female,18.28.120.139
156,Mathias,Drowsfield,mdrowsfield4b@chronoengine.com,Male,182.54.134.135
157,Randi,Halahan,rhalahan4c@photobucket.com,Male,18.223.39.83
158,Sheffield,Rogeon,srogeon4d@cisco.com,Male,176.26.186.194
159,Freedman,Miskimmon,fmiskimmon4e@flickr.com,Male,224.45.255.143
160,Vlad,Farrance,vfarrance4f@delicious.com,Male,194.90.132.179
161,Nevin,Benzie,nbenzie4g@delicious.com,Male,15.174.45.239
162,Lamar,Featherstone,lfeatherstone4h@creativecommons.org,Male,254.8.137.179
163,Rube,Hayller,rhayller4i@nbcnews.com,Male,242.114.31.157
164,Wright,O'Currine,wocurrine4j@indiegogo.com,Male,254.49.1.173
165,Audrey,Guard,aguard4k@bravesites.com,Female,181.183.104.65
166,Onofredo,Millership,omillership4l@com.com,Male,150.179.158.109
167,Erich,Garaghan,egaraghan4m@digg.com,Male,119.139.93.1
168,Myer,Boog,mboog4n@taobao.com,Male,18.203.105.188
169,Laurens,Miskelly,lmiskelly4o@mapy.cz,Male,204.226.202.157
170,Padraic,Boij,pboij4p@photobucket.com,Male,136.146.21.150
171,Bayard,Rollason,brollason4q@gmpg.org,Male,189.50.106.70
172,Row,Crawshay,rcrawshay4r@home.pl,Female,181.85.89.225
173,Issi,Dell Casa,idellcasa4s@purevolume.com,Female,109.145.113.200
174,Slade,Wheadon,swheadon4t@xrea.com,Male,82.63.200.207
175,Pascal,Robet,probet4u@disqus.com,Male,58.76.130.144
176,Brandais,Gillivrie,bgillivrie4v@shareasale.com,Female,227.40.252.141
177,Carlyn,Mohamed,cmohamed4w@privacy.gov.au,Female,53.242.225.188
178,Micky,Siccombe,msiccombe4x@hubpages.com,Male,250.56.165.186
179,Sibby,Bushill,sbushill4y@wsj.com,Female,121.183.233.115
180,Loutitia,Edy,ledy4z@theglobeandmail.com,Female,223.15.25.61
181,Vonni,Haygreen,vhaygreen50@dell.com,Female,214.139.80.99
182,Sayers,Earthfield,searthfield51@mac.com,Male,108.219.184.120
183,Weston,Cratchley,wcratchley52@reuters.com,Male,123.199.160.89
184,Florie,Carreck,fcarreck53@webs.com,Female,135.203.112.231
185,Mureil,Patton,mpatton54@purevolume.com,Female,227.213.101.89
186,Costa,Arnley,carnley55@dell.com,Male,225.64.76.199
187,Maje,Motherwell,mmotherwell56@wp.com,Male,253.35.145.38
188,Jermaine,Tudgay,jtudgay57@epa.gov,Male,149.70.34.187
189,Lynea,Kennifeck,lkennifeck58@fc2.com,Female,213.118.168.135
190,Harrison,Faucett,hfaucett59@buzzfeed.com,Male,68.6.44.165
191,Miguel,Rawes,mrawes5a@blog.com,Male,21.158.125.146
192,Merci,Tombleson,mtombleson5b@nhs.uk,Female,84.102.193.61
193,Simonette,Peris,speris5c@ovh.net,Female,232.44.102.148
194,Dawn,Martynka,dmartynka5d@angelfire.com,Female,48.66.95.28
195,Lyndy,Pelosi,lpelosi5e@acquirethisname.com,Female,78.91.147.248
196,Mortimer,Scorer,mscorer5f@nifty.com,Male,169.139.74.139
197,Marketa,Weddeburn,mweddeburn5g@umn.edu,Female,71.101.56.210
198,Edgard,Listone,elistone5h@webs.com,Male,239.175.215.172
199,Farrell,Tierney,ftierney5i@behance.net,Male,42.97.112.56
200,Dodi,Stanier,dstanier5j@usgs.gov,Female,223.238.188.170
201,Darrin,Blackledge,dblackledge5k@earthlink.net,Male,184.204.127.149
202,Octavia,Gibben,ogibben5l@a8.net,Female,169.160.36.215
203,Hillie,Kinkead,hkinkead5m@irs.gov,Male,94.42.202.63
204,Hermina,Checcuzzi,hcheccuzzi5n@smugmug.com,Female,120.68.44.74
205,Luther,Lexa,llexa5o@craigslist.org,Male,70.61.59.151
206,Benjamin,California,bcalifornia5p@webs.com,Male,67.149.245.49
207,Brew,Beloe,bbeloe5q@answers.com,Male,88.227.115.61
208,Sterling,Kentish,skentish5r@ifeng.com,Male,208.103.245.252
209,Ly,Patchett,lpatchett5s@army.mil,Male,229.62.212.75
210,Elwin,Shoemark,eshoemark5t@icio.us,Male,120.141.39.255
211,Sophie,Chuney,schuney5u@state.gov,Female,141.150.104.129
212,Gunter,Tomaello,gtomaello5v@state.tx.us,Male,211.5.218.87
213,Nelia,Caulder,ncaulder5w@slate.com,Female,79.23.100.197
214,Katine,Golda,kgolda5x@cnn.com,Female,153.40.184.108
215,Faydra,Condie,fcondie5y@mysql.com,Female,225.118.178.66
216,Gypsy,Baudain,gbaudain5z@symantec.com,Female,211.247.160.112
217,Tarah,Wand,twand60@cnn.com,Female,196.211.78.237
218,Iver,Maykin,imaykin61@hostgator.com,Male,250.104.120.97
219,Emmit,Stuck,estuck62@weibo.com,Male,254.33.155.101
220,Boony,Oene,boene63@globo.com,Male,50.74.14.160
221,Enriqueta,Munehay,emunehay64@thetimes.co.uk,Female,210.57.69.66
222,Horatia,Civitillo,hcivitillo65@github.com,Female,198.208.116.85
223,Gaven,Semon,gsemon66@sitemeter.com,Male,232.166.110.176
224,Elia,Kryzhov,ekryzhov67@t-online.de,Male,231.225.91.117
225,Kacey,Aleksich,kaleksich68@ow.ly,Female,64.3.33.103
226,Paloma,McLoughlin,pmcloughlin69@trellian.com,Female,120.176.248.64
227,Jefferson,Gookey,jgookey6a@fda.gov,Male,58.31.254.89
228,Madeline,Boxhill,mboxhill6b@vistaprint.com,Female,45.96.95.201
229,Libby,Roskeilly,lroskeilly6c@pcworld.com,Female,11.253.62.123
230,Letty,Creagh,lcreagh6d@godaddy.com,Female,205.37.96.221
231,Conant,Bevington,cbevington6e@nasa.gov,Male,225.21.18.93
232,Gretna,Bestwick,gbestwick6f@vk.com,Female,146.243.154.251
233,Rosemarie,Corstorphine,rcorstorphine6g@g.co,Female,9.26.240.165
234,Langsdon,Kilbourn,lkilbourn6h@addthis.com,Male,135.91.154.162
235,Selestina,Ragate,sragate6i@rediff.com,Female,67.138.190.95
236,Callida,Tiltman,ctiltman6j@rakuten.co.jp,Female,88.194.68.162
237,Fanya,Gruszka,fgruszka6k@infoseek.co.jp,Female,61.122.227.40
238,Ingra,Tomsen,itomsen6l@wisc.edu,Male,128.47.28.47
239,Brunhilde,Costy,bcosty6m@unesco.org,Female,221.168.50.28
240,Henri,Bauer,hbauer6n@washingtonpost.com,Male,10.72.201.251
241,Jarred,Durnford,jdurnford6o@mediafire.com,Male,234.1.135.130
242,Hally,MacDunleavy,hmacdunleavy6p@engadget.com,Female,30.146.164.23
243,Gawain,Bagster,gbagster6q@hatena.ne.jp,Male,205.45.200.8
244,Bunny,Vannini,bvannini6r@wsj.com,Female,161.46.138.78
245,Rolph,Bosworth,rbosworth6s@constantcontact.com,Male,23.49.222.55
246,Florinda,Oultram,foultram6t@webs.com,Female,47.70.254.223
247,Phil,Guterson,pguterson6u@godaddy.com,Male,45.118.27.213
248,Maggee,Warboy,mwarboy6v@opera.com,Female,176.155.210.160
249,Wolf,Symcox,wsymcox6w@gnu.org,Male,143.189.148.144
250,Byrle,Klich,bklich6x@miibeian.gov.cn,Male,162.78.127.0
251,Justis,Hitscher,jhitscher6y@disqus.com,Male,10.124.241.194
252,Pernell,Gouldie,pgouldie6z@howstuffworks.com,Male,38.140.155.68
253,Sofie,Shutte,sshutte70@mit.edu,Female,23.101.200.143
254,Lemmie,Lamberto,llamberto71@jigsy.com,Male,38.29.67.253
255,Daniela,Munkley,dmunkley72@unc.edu,Female,180.224.2.21
256,Burnard,Laite,blaite73@rediff.com,Male,140.75.54.193
257,Bartlett,Dosdale,bdosdale74@cnn.com,Male,99.109.222.233
258,Murvyn,Christin,mchristin75@vk.com,Male,194.196.137.192
259,Rozalie,Tathacott,rtathacott76@moonfruit.com,Female,221.228.251.174
260,Lavena,Kidney,lkidney77@blogs.com,Female,82.112.62.86
261,Marta,Wharton,mwharton78@bravesites.com,Female,48.20.212.136
262,Anet,Abbatucci,aabbatucci79@oracle.com,Female,250.174.237.206
263,Mercie,Figliovanni,mfigliovanni7a@ftc.gov,Female,47.243.204.1
264,Trixie,Skoof,tskoof7b@lulu.com,Female,22.176.16.88
265,Ramsey,McKean,rmckean7c@deliciousdays.com,Male,39.194.53.212
266,Amity,O'Cannavan,aocannavan7d@themeforest.net,Female,211.190.62.88
267,Fredra,Riglar,friglar7e@epa.gov,Female,23.205.96.68
268,Georges,Blowfield,gblowfield7f@artisteer.com,Male,65.146.159.106
269,Miltie,Gerran,mgerran7g@tripod.com,Male,44.227.95.204
270,Enrika,Sired,esired7h@statcounter.com,Female,244.56.8.188
271,Cyrillus,Lis,clis7i@smugmug.com,Male,148.184.219.89
272,Jeramey,Dewer,jdewer7j@wikia.com,Male,63.15.226.147
273,Geno,Avesque,gavesque7k@phoca.cz,Male,79.139.163.17
274,Cornelle,Cuniffe,ccuniffe7l@privacy.gov.au,Female,241.81.48.112
275,Emilia,Jeckells,ejeckells7m@dagondesign.com,Female,96.61.213.211
276,Warren,Balch,wbalch7n@w3.org,Male,185.91.121.17
277,Ynes,Guise,yguise7o@scientificamerican.com,Female,81.181.141.116
278,Juliette,Gamon,jgamon7p@behance.net,Female,148.46.128.159
279,Ros,Hincham,rhincham7q@mtv.com,Female,103.154.52.242
280,Kimberli,Jeffries,kjeffries7r@gov.uk,Female,228.63.186.36
281,Jean,Lambie,jlambie7s@un.org,Male,22.236.71.19
282,Fanni,Heaysman,fheaysman7t@symantec.com,Female,207.249.87.92
283,Lolita,Maass,lmaass7u@time.com,Female,43.102.164.146
284,Ilysa,McBeth,imcbeth7v@drupal.org,Female,37.35.96.40
285,Tamra,Willcock,twillcock7w@phoca.cz,Female,10.43.17.169
286,Weidar,Englefield,wenglefield7x@example.com,Male,86.106.223.25
287,Lek,Lettington,llettington7y@hatena.ne.jp,Male,125.231.205.63
288,Andrej,Vest,avest7z@taobao.com,Male,124.98.227.119
289,Edgard,Wrey,ewrey80@yahoo.com,Male,180.160.183.119
290,Jude,Baudy,jbaudy81@mayoclinic.com,Male,93.21.245.34
291,Ritchie,Dowbiggin,rdowbiggin82@storify.com,Male,180.137.135.210
292,Russ,Cromb,rcromb83@bluehost.com,Male,97.55.44.116
293,Abramo,Dacombe,adacombe84@nytimes.com,Male,121.149.43.254
294,Stern,Abramzon,sabramzon85@arizona.edu,Male,35.73.21.9
295,Livvyy,Djordjevic,ldjordjevic86@latimes.com,Female,229.62.46.190
296,Reggi,Galliford,rgalliford87@hao123.com,Female,95.207.230.240
297,Haley,Queenborough,hqueenborough88@tripod.com,Female,86.179.250.180
298,Micheline,Corneil,mcorneil89@homestead.com,Female,174.232.11.1
299,Mignon,Karchowski,mkarchowski8a@last.fm,Female,178.4.134.6
300,Meryl,Beglin,mbeglin8b@icio.us,Female,245.98.56.110
301,Jilly,Steere,jsteere8c@mtv.com,Female,78.144.95.148
302,Obie,Dagwell,odagwell8d@cnet.com,Male,199.160.153.223
303,Gery,World,gworld8e@stumbleupon.com,Male,140.128.248.171
304,Joly,Cridlon,jcridlon8f@telegraph.co.uk,Female,250.119.97.29
305,Hailey,Guillerman,hguillerman8g@myspace.com,Male,160.194.31.126
306,Adan,Wenzel,awenzel8h@blogtalkradio.com,Male,124.199.197.4
307,Gigi,Boylan,gboylan8i@gnu.org,Female,1.146.157.132
308,Ky,Filov,kfilov8j@cornell.edu,Male,198.47.4.84
309,Gnni,MacGillreich,gmacgillreich8k@cmu.edu,Female,137.177.209.237
310,Bunnie,Hawk,bhawk8l@163.com,Female,131.161.97.34
311,Hatti,Tejero,htejero8m@goo.ne.jp,Female,65.19.54.237
312,Rossie,Lindsey,rlindsey8n@youtube.com,Male,121.29.178.77
313,Fleming,Pietron,fpietron8o@amazon.com,Male,108.95.171.251
314,Hillery,McLucas,hmclucas8p@phoca.cz,Male,31.11.181.231
315,Tudor,Charpling,tcharpling8q@tumblr.com,Male,139.170.184.222
316,Christoforo,Kleisle,ckleisle8r@hibu.com,Male,175.33.247.162
317,Augusto,Cawsey,acawsey8s@homestead.com,Male,192.87.79.186
318,Lenci,Tunnicliff,ltunnicliff8t@youku.com,Male,192.141.49.126
319,Colver,Kirsch,ckirsch8u@mapy.cz,Male,157.131.98.213
320,Bette-ann,Petrichat,bpetrichat8v@army.mil,Female,112.53.117.179
321,Dag,Benedikt,dbenedikt8w@posterous.com,Male,71.213.25.148
322,Seana,Sharville,ssharville8x@blog.com,Female,61.84.147.113
323,Frankie,Bernadon,fbernadon8y@odnoklassniki.ru,Female,186.84.181.238
324,Dana,Fernando,dfernando8z@dion.ne.jp,Female,190.213.158.251
325,Richard,Midgely,rmidgely90@smugmug.com,Male,152.11.183.16
326,Abbie,Turk,aturk91@google.fr,Female,47.111.0.31
327,Virgina,Sapsford,vsapsford92@yellowpages.com,Female,211.210.234.154
328,Killy,Toplis,ktoplis93@friendfeed.com,Male,4.172.170.183
329,Calv,Cohen,ccohen94@ask.com,Male,197.24.26.43
330,Neila,Carlyle,ncarlyle95@noaa.gov,Female,96.113.101.229
331,Alfi,Sabathier,asabathier96@prnewswire.com,Female,183.125.220.134
332,Jerrie,Ogglebie,jogglebie97@gnu.org,Female,92.13.21.199
333,Tildie,Hallwell,thallwell98@google.ca,Female,86.216.7.66
334,Rivy,Drakeley,rdrakeley99@flavors.me,Female,37.185.27.185
335,Zachery,Ollerenshaw,zollerenshaw9a@biblegateway.com,Male,197.34.94.184
336,Janel,Senner,jsenner9b@aol.com,Female,144.143.226.87
337,Seymour,Ronchetti,sronchetti9c@redcross.org,Male,200.171.235.131
338,Lil,Coombs,lcoombs9d@ask.com,Female,49.29.229.142
339,Vincenty,Mattke,vmattke9e@irs.gov,Male,13.127.248.231
340,Dewain,Bentame,dbentame9f@ucla.edu,Male,60.74.176.184
341,Ford,Ovid,fovid9g@dailymail.co.uk,Male,53.197.171.43
342,Austin,Van Dale,avandale9h@scribd.com,Male,23.152.65.89
343,Mohandis,Shalcros,mshalcros9i@npr.org,Male,208.38.199.60
344,Woodie,Aasaf,waasaf9j@springer.com,Male,142.143.164.239
345,Nefen,Girogetti,ngirogetti9k@cloudflare.com,Male,124.171.71.225
346,Cosetta,Towle,ctowle9l@reference.com,Female,178.153.238.155
347,Lorie,Hitzschke,lhitzschke9m@ed.gov,Female,174.234.17.89
348,Maury,Gogerty,mgogerty9n@oaic.gov.au,Male,63.148.237.38
349,Joann,Dolman,jdolman9o@amazon.com,Female,219.60.155.71
350,Roberto,Eschalotte,reschalotte9p@devhub.com,Male,241.114.10.118
351,Kinna,Ivchenko,kivchenko9q@icq.com,Female,211.81.249.78
352,Rudie,Power,rpower9r@youtube.com,Male,210.2.202.10
353,Corbet,Flement,cflement9s@google.com.au,Male,177.45.137.106
354,Chev,Sharer,csharer9t@constantcontact.com,Male,221.140.163.7
355,Onofredo,Arkley,oarkley9u@sphinn.com,Male,171.118.126.239
356,Vidovic,Thurstance,vthurstance9v@amazonaws.com,Male,233.203.153.163
357,Tuck,Le Teve,tleteve9w@independent.co.uk,Male,60.46.110.10
358,Corrianne,Itscowicz,citscowicz9x@wikispaces.com,Female,89.166.128.6
359,Harwilll,Kelk,hkelk9y@dailymotion.com,Male,136.62.125.158
360,Sibylle,Hierro,shierro9z@google.com.br,Female,165.0.6.201
361,Drucill,Metham,dmethama0@youtu.be,Female,177.21.253.164
362,Ruddy,Dabling,rdablinga1@sina.com.cn,Male,95.220.10.119
363,Verla,Vlasenkov,vvlasenkova2@amazon.co.jp,Female,146.144.245.85
364,Birdie,Kubes,bkubesa3@blogspot.com,Female,164.2.103.214
365,Corrie,Godball,cgodballa4@drupal.org,Female,221.206.138.211
366,Yancy,Pothergill,ypothergilla5@boston.com,Male,196.89.1.48
367,Mitzi,Yakobovitz,myakobovitza6@omniture.com,Female,193.152.40.156
368,Haley,Croxall,hcroxalla7@dot.gov,Male,96.111.155.135
369,Payton,Hemeret,phemereta8@4shared.com,Male,134.225.37.177
370,Donnell,Figure,dfigurea9@amazon.co.jp,Male,145.238.25.246
371,Kissiah,Snyder,ksnyderaa@google.co.jp,Female,217.235.164.4
372,Niven,Hammerich,nhammerichab@free.fr,Male,189.145.170.255
373,Farr,Zuker,fzukerac@merriam-webster.com,Male,24.187.228.133
374,Sherill,O'Crevan,socrevanad@nps.gov,Female,240.204.195.180
375,Lefty,Pipping,lpippingae@netlog.com,Male,133.115.183.96
376,Timotheus,Luxford,tluxfordaf@hibu.com,Male,177.146.119.250
377,Wilona,McAloren,wmcalorenag@cisco.com,Female,89.61.39.89
378,Emlen,Overell,eoverellah@odnoklassniki.ru,Male,163.205.1.167
379,Cortney,Rowell,crowellai@macromedia.com,Female,173.185.106.28
380,Chet,Scheffel,cscheffelaj@upenn.edu,Male,129.101.246.94
381,Lisette,Brumham,lbrumhamak@live.com,Female,14.0.252.69
382,Franny,Sultan,fsultanal@mail.ru,Male,19.157.71.107
383,Keary,Isted,kistedam@deliciousdays.com,Male,29.25.38.228
384,Yvette,Challin,ychallinan@toplist.cz,Female,18.125.78.86
385,Riki,Poulgreen,rpoulgreenao@washingtonpost.com,Female,141.235.69.211
386,Joshia,Pawelski,jpawelskiap@gnu.org,Male,146.60.249.225
387,Skipton,Bossel,sbosselaq@netvibes.com,Male,222.221.141.163
388,Ephrem,Northing,enorthingar@smugmug.com,Male,144.51.72.64
389,Isabella,Strowthers,istrowthersas@domainmarket.com,Female,81.4.185.196
390,Benoite,Twohig,btwohigat@time.com,Female,65.22.252.12
391,Weber,Bohlsen,wbohlsenau@wired.com,Male,107.190.190.169
392,Ardelis,Sichardt,asichardtav@canalblog.com,Female,134.17.37.87
393,Etta,Natte,enatteaw@themeforest.net,Female,45.78.95.71
394,Noam,Beaufoy,nbeaufoyax@nasa.gov,Male,81.144.36.169
395,Bobina,Stannas,bstannasay@xinhuanet.com,Female,182.253.130.206
396,Darsey,Kinningley,dkinningleyaz@is.gd,Female,139.251.75.66
397,Morie,Calvard,mcalvardb0@techcrunch.com,Male,84.52.78.64
398,Kilian,Blaskett,kblaskettb1@ox.ac.uk,Male,105.21.14.137
399,Guendolen,Rasch,graschb2@imageshack.us,Female,113.120.117.0
400,Nettle,Honatsch,nhonatschb3@webeden.co.uk,Female,173.232.65.242
401,Idette,Mulchrone,imulchroneb4@clickbank.net,Female,243.69.88.176
402,Janka,Hotson,jhotsonb5@aboutads.info,Female,16.3.179.220
403,Percival,Hethron,phethronb6@netlog.com,Male,173.80.62.203
404,Royce,Mowbray,rmowbrayb7@bigcartel.com,Male,251.21.137.97
405,Onfre,Sherborne,osherborneb8@bluehost.com,Male,244.138.25.115
406,Tobe,Belt,tbeltb9@cornell.edu,Male,160.1.98.63
407,Moishe,Frediani,mfredianiba@51.la,Male,173.213.71.137
408,Winny,Linstead,wlinsteadbb@a8.net,Male,124.158.26.245
409,Ruth,Moncaster,rmoncasterbc@gizmodo.com,Female,170.203.154.73
410,Lynde,Jeeks,ljeeksbd@google.com.br,Female,128.238.188.115
411,Tonie,Whilde,twhildebe@mozilla.org,Female,116.77.215.182
412,Tobin,Myner,tmynerbf@cisco.com,Male,94.24.117.169
413,Felicity,Spensley,fspensleybg@ox.ac.uk,Female,3.129.250.204
414,Carola,Klimkiewich,cklimkiewichbh@people.com.cn,Female,37.58.156.223
415,Theadora,Alderson,taldersonbi@berkeley.edu,Female,0.142.249.22
416,Abrahan,Dericut,adericutbj@icio.us,Male,23.212.45.134
417,Zackariah,Blincowe,zblincowebk@barnesandnoble.com,Male,159.205.101.198
418,Dennis,Insko,dinskobl@xrea.com,Male,123.251.154.151
419,Reggie,Poyntz,rpoyntzbm@mozilla.com,Female,111.226.79.153
420,Brander,Mulqueen,bmulqueenbn@naver.com,Male,17.248.122.215
421,Pippo,Pleavin,ppleavinbo@aboutads.info,Male,185.64.1.247
422,Agatha,Feeham,afeehambp@go.com,Female,244.53.102.96
423,Fitzgerald,Rennox,frennoxbq@unicef.org,Male,16.102.14.149
424,Heddi,Emeline,hemelinebr@princeton.edu,Female,43.199.232.161
425,Sidonia,Nance,snancebs@thetimes.co.uk,Female,206.69.211.101
426,Belita,Batchelour,bbatchelourbt@mediafire.com,Female,75.55.125.230
427,Theresina,Lambourn,tlambournbu@ibm.com,Female,167.155.134.233
428,Thekla,Bucknall,tbucknallbv@w3.org,Female,33.78.71.227
429,Alejoa,Bozier,abozierbw@so-net.ne.jp,Male,146.243.105.178
430,Lissa,Gotthard,lgotthardbx@dyndns.org,Female,99.128.248.247
431,Renelle,Pegg,rpeggby@nhs.uk,Female,216.126.139.175
432,Orsa,Downage,odownagebz@pinterest.com,Female,137.136.111.76
433,Jim,Charman,jcharmanc0@mtv.com,Male,133.51.100.249
434,Cory,Trimnell,ctrimnellc1@cargocollective.com,Male,146.185.174.77
435,Marleen,Carbert,mcarbertc2@adobe.com,Female,116.119.64.239
436,Bord,Ready,breadyc3@businessweek.com,Male,171.73.39.58
437,Alidia,Beau,abeauc4@gov.uk,Female,61.250.179.98
438,Marge,Jodkowski,mjodkowskic5@yahoo.co.jp,Female,89.98.247.6
439,Fay,Endecott,fendecottc6@xrea.com,Female,24.87.170.33
440,Andreas,Barhems,abarhemsc7@arizona.edu,Male,51.180.246.65
441,Gery,Chalkly,gchalklyc8@phoca.cz,Male,5.81.245.121
442,Britt,Bugby,bbugbyc9@wisc.edu,Male,117.63.149.51
443,Cordey,Ginnane,cginnaneca@wix.com,Female,23.221.254.132
444,Nanete,Pennington,npenningtoncb@tmall.com,Female,156.10.211.106
445,Cherilynn,Cornall,ccornallcc@parallels.com,Female,52.119.163.82
446,Ferd,Simonel,fsimonelcd@ox.ac.uk,Male,144.37.70.30
447,Codi,Cush,ccushce@ow.ly,Male,249.225.149.221
448,Joaquin,Joire,jjoirecf@aol.com,Male,157.210.24.39
449,Adaline,Lideard,alideardcg@tmall.com,Female,172.171.129.129
450,Brynna,Wordington,bwordingtonch@usa.gov,Female,209.77.191.224
451,Amitie,Pairpoint,apairpointci@statcounter.com,Female,57.114.248.157
452,Gaby,Covotto,gcovottocj@vistaprint.com,Female,48.138.113.185
453,Willem,Boakes,wboakesck@ucla.edu,Male,96.73.239.221
454,Gianni,Kainz,gkainzcl@mail.ru,Male,50.203.156.235
455,Ingrid,O'Corrane,iocorranecm@t.co,Female,57.242.94.188
456,Fonsie,Bartram,fbartramcn@wsj.com,Male,164.29.239.109
457,Tynan,Goodwin,tgoodwinco@flavors.me,Male,185.41.10.245
458,Ivette,Loveridge,iloveridgecp@businesswire.com,Female,80.133.162.149
459,Oralia,Cooley,ocooleycq@live.com,Female,24.176.183.233
460,Sloane,Thripp,sthrippcr@chronoengine.com,Male,76.193.62.201
461,Jordon,Heersma,jheersmacs@i2i.jp,Male,6.124.67.238
462,Claude,Mordy,cmordyct@cafepress.com,Female,193.162.117.123
463,Gary,Borley,gborleycu@independent.co.uk,Male,167.11.91.187
464,Lonni,Wearing,lwearingcv@networksolutions.com,Female,167.42.116.85
465,Frans,Tidbury,ftidburycw@dedecms.com,Male,94.226.72.131
466,Niles,Moye,nmoyecx@yahoo.co.jp,Male,199.59.24.172
467,Reed,Sebrens,rsebrenscy@woothemes.com,Male,39.16.99.99
468,Shawn,Waine,swainecz@shareasale.com,Female,119.189.127.53
469,Arliene,Cronshaw,acronshawd0@unblog.fr,Female,107.51.166.43
470,Emmalynn,Greenrodd,egreenroddd1@deviantart.com,Female,224.198.184.203
471,Leonelle,Schankel,lschankeld2@chronoengine.com,Female,147.47.210.193
472,Zak,Daldan,zdaldand3@last.fm,Male,226.209.101.98
473,Jobye,Stearne,jstearned4@earthlink.net,Female,121.16.163.199
474,Noland,Arpe,narped5@senate.gov,Male,93.151.109.77
475,Elyn,Sendall,esendalld6@networkadvertising.org,Female,91.30.70.163
476,Sissy,Deedes,sdeedesd7@paginegialle.it,Female,204.13.56.79
477,Lemmy,Moorhouse,lmoorhoused8@google.com.au,Male,228.230.67.202
478,Durante,Beeden,dbeedend9@utexas.edu,Male,6.72.19.53
479,Finlay,Cossons,fcossonsda@infoseek.co.jp,Male,191.137.219.128
480,Pernell,Sanja,psanjadb@fotki.com,Male,117.21.164.239
481,Martin,Gemson,mgemsondc@nyu.edu,Male,158.176.44.167
482,Fielding,Joddins,fjoddinsdd@tripod.com,Male,234.222.26.160
483,Thomasina,Waycot,twaycotde@surveymonkey.com,Female,81.182.62.230
484,Dulcine,Harhoff,dharhoffdf@xinhuanet.com,Female,158.42.11.253
485,Andy,Maurice,amauricedg@seattletimes.com,Male,153.196.246.192
486,Indira,Duesbury,iduesburydh@dion.ne.jp,Female,0.251.215.53
487,Ethan,Spurdens,espurdensdi@bloglovin.com,Male,25.177.216.104
488,Franklyn,Eldrett,feldrettdj@opensource.org,Male,173.244.116.130
489,Penny,Corsar,pcorsardk@amazonaws.com,Male,226.223.202.172
490,Tabbi,Eadmeades,teadmeadesdl@i2i.jp,Female,232.122.182.11
491,Edwin,Briggdale,ebriggdaledm@odnoklassniki.ru,Male,193.246.27.209
492,Kora,Hindenburg,khindenburgdn@elpais.com,Female,223.195.252.108
493,Evvie,Piens,epiensdo@networksolutions.com,Female,6.171.121.76
494,Agnesse,Folini,afolinidp@hc360.com,Female,3.189.134.130
495,Romeo,Mayhou,rmayhoudq@google.com.hk,Male,21.42.127.12
496,Eartha,Lill,elilldr@ox.ac.uk,Female,79.86.131.225
497,Jarrid,Wreiford,jwreifordds@symantec.com,Male,223.106.239.49
498,Roth,Foxcroft,rfoxcroftdt@dion.ne.jp,Male,12.136.147.233
499,Curt,Maple,cmapledu@mail.ru,Male,46.23.110.78
500,Grenville,Lampens,glampensdv@woothemes.com,Male,112.116.97.19
501,Ly,Corbyn,lcorbyndw@amazon.de,Male,86.117.63.137
502,Rivalee,Catherine,rcatherinedx@who.int,Female,138.210.49.57
503,Derrik,McGiveen,dmcgiveendy@paginegialle.it,Male,185.128.226.85
504,Hamnet,Harnor,hharnordz@senate.gov,Male,143.91.198.199
505,Ianthe,Lafond,ilafonde0@wiley.com,Female,215.36.6.19
506,Ruy,Ivashev,rivasheve1@salon.com,Male,117.119.208.178
507,Barnabe,Missington,bmissingtone2@xing.com,Male,58.199.150.168
508,Hayward,Connechy,hconnechye3@naver.com,Male,129.252.130.168
509,Enriqueta,Fortie,efortiee4@addthis.com,Female,157.7.59.13
510,Ilka,Scully,iscullye5@tuttocitta.it,Female,198.133.104.184
511,Zebedee,Stanney,zstanneye6@blogtalkradio.com,Male,73.13.138.237
512,Hatty,Fray,hfraye7@posterous.com,Female,10.94.121.255
513,Laurie,Grestie,lgrestiee8@networkadvertising.org,Male,214.225.214.178
514,Gisele,Foskin,gfoskine9@squidoo.com,Female,49.93.12.180
515,Trish,Arlett,tarlettea@weibo.com,Female,115.237.227.194
516,Kari,Heald,khealdeb@smh.com.au,Female,197.11.145.186
517,Coretta,Cowdry,ccowdryec@shutterfly.com,Female,120.48.17.33
518,Myriam,Le - Count,mlecounted@meetup.com,Female,110.170.22.109
519,Karlis,Allbon,kallbonee@washington.edu,Male,106.79.161.218
520,Barn,Vasyunkin,bvasyunkinef@imdb.com,Male,201.170.61.168
521,Cobb,Anwyl,canwyleg@elegantthemes.com,Male,239.189.34.148
522,Joanna,Waything,jwaythingeh@mail.ru,Female,214.235.10.188
523,Marji,Stannett,mstannettei@bloglines.com,Female,137.185.122.168
524,Kylen,Danneil,kdanneilej@home.pl,Female,211.203.84.33
525,Darleen,Litster,dlitsterek@reuters.com,Female,239.66.212.58
526,Stanislaus,Johnston,sjohnstonel@edublogs.org,Male,208.166.211.14
527,Malinde,Heasley,mheasleyem@domainmarket.com,Female,105.31.253.195
528,Alison,Mansbridge,amansbridgeen@slashdot.org,Female,37.230.244.36
529,Kermit,Shackesby,kshackesbyeo@newsvine.com,Male,170.38.168.228
530,Mickey,Gudgion,mgudgionep@earthlink.net,Male,79.206.114.28
531,Godwin,Merritt,gmerritteq@aboutads.info,Male,1.15.71.76
532,Clyve,Hovie,chovieer@loc.gov,Male,84.154.206.0
533,Sabra,Coveley,scoveleyes@jigsy.com,Female,244.186.38.36
534,Darcy,Brisco,dbriscoet@nps.gov,Male,103.88.181.109
535,Leone,Scurman,lscurmaneu@slideshare.net,Female,14.117.198.49
536,Arlene,Yukhnov,ayukhnovev@nifty.com,Female,176.175.110.56
537,Aeriel,Kirwin,akirwinew@merriam-webster.com,Female,30.215.233.49
538,Jamey,Cristofalo,jcristofaloex@hao123.com,Male,1.183.165.30
539,Benito,Ghiriardelli,bghiriardelliey@amazon.co.jp,Male,90.74.163.135
540,Wynny,Francioli,wfrancioliez@indiegogo.com,Female,77.97.177.22
541,Fredi,Shellard,fshellardf0@list-manage.com,Female,217.52.130.41
542,Wain,Jeaycock,wjeaycockf1@ebay.co.uk,Male,187.168.251.111
543,Waldo,Corsar,wcorsarf2@php.net,Male,82.14.200.248
544,Winne,Iscowitz,wiscowitzf3@networkadvertising.org,Female,82.217.118.25
545,Bradley,Givens,bgivensf4@cocolog-nifty.com,Male,78.131.69.135
546,Aubrie,Pill,apillf5@quantcast.com,Female,189.214.0.143
547,Marcelle,Sleight,msleightf6@unesco.org,Female,15.80.41.6
548,Birgit,Tynemouth,btynemouthf7@g.co,Female,115.192.124.109
549,Jolene,Du Fray,jdufrayf8@wiley.com,Female,246.219.178.187
550,Rouvin,Dufoure,rdufouref9@amazon.co.uk,Male,24.136.80.117
551,Jarad,Burdas,jburdasfa@examiner.com,Male,74.45.132.238
552,Tobe,Rydeard,trydeardfb@wix.com,Male,226.21.165.122
553,Roley,Momford,rmomfordfc@mit.edu,Male,14.213.193.14
554,Phelia,Daymond,pdaymondfd@netscape.com,Female,31.169.151.32
555,Sascha,Alban,salbanfe@samsung.com,Male,124.234.231.205
556,Pinchas,Soda,psodaff@arizona.edu,Male,39.249.130.106
557,Talya,Rown,trownfg@abc.net.au,Female,89.65.96.53
558,D'arcy,Cramer,dcramerfh@forbes.com,Male,23.127.209.94
559,Charity,Kissell,ckissellfi@europa.eu,Female,176.55.174.127
560,Karina,Densie,kdensiefj@themeforest.net,Female,139.29.136.127
561,Filip,Griffitts,fgriffittsfk@fema.gov,Male,234.11.24.182
562,Roberto,Andrault,randraultfl@ovh.net,Male,25.117.33.190
563,Brunhilda,Grundwater,bgrundwaterfm@printfriendly.com,Female,92.223.239.129
564,Anson,Goves,agovesfn@prweb.com,Male,225.87.20.244
565,Reid,Franz-Schoninger,rfranzschoningerfo@opera.com,Male,209.248.172.43
566,Vivianne,Lehmann,vlehmannfp@cornell.edu,Female,51.23.180.37
567,Carolee,Follows,cfollowsfq@wsj.com,Female,24.97.87.124
568,Gloriane,Palke,gpalkefr@topsy.com,Female,117.231.86.113
569,Reynard,O'Sherrin,rosherrinfs@hubpages.com,Male,128.217.247.159
570,Ailbert,Gullivent,agulliventft@ucoz.com,Male,18.254.38.42
571,Ora,Isenor,oisenorfu@newsvine.com,Female,52.254.250.12
572,Phedra,Glavin,pglavinfv@1und1.de,Female,240.221.140.77
573,Jody,Metts,jmettsfw@ycombinator.com,Female,204.195.254.116
574,Yehudit,Bramble,ybramblefx@ted.com,Male,7.46.174.132
575,Ringo,Gleave,rgleavefy@ucoz.ru,Male,133.216.52.40
576,Hammad,Chadwen,hchadwenfz@google.nl,Male,196.26.205.120
577,Bent,Grishkov,bgrishkovg0@elpais.com,Male,217.105.225.22
578,Robinet,Hatchard,rhatchardg1@amazon.com,Male,142.29.201.128
579,Abby,Wanek,awanekg2@examiner.com,Female,154.153.198.230
580,Cullen,Briamo,cbriamog3@barnesandnoble.com,Male,9.193.173.5
581,Tresa,Krink,tkrinkg4@amazonaws.com,Female,156.227.91.216
582,Hank,Smogur,hsmogurg5@shutterfly.com,Male,94.235.22.194
583,Marna,Seignior,mseigniorg6@google.cn,Female,224.132.52.54
584,Marjy,Abdie,mabdieg7@goo.gl,Female,63.11.90.234
585,Zorana,Exton,zextong8@phpbb.com,Female,127.162.38.53
586,Frederigo,Ausello,fausellog9@auda.org.au,Male,157.174.19.21
587,Rae,Stanlake,rstanlakega@unc.edu,Female,57.10.10.104
588,Melitta,Rabbet,mrabbetgb@surveymonkey.com,Female,234.72.3.150
589,Tania,d' Eye,tdeyegc@g.co,Female,181.71.147.247
590,Vyky,Oki,vokigd@usgs.gov,Female,151.246.93.19
591,Cam,Duerden,cduerdenge@loc.gov,Female,5.68.200.223
592,Gisele,Ramas,gramasgf@blinklist.com,Female,125.68.93.70
593,Tull,Ketch,tketchgg@blinklist.com,Male,213.235.237.30
594,Edith,Lyles,elylesgh@google.com.au,Female,62.80.194.12
595,Kenny,Dauby,kdaubygi@china.com.cn,Male,43.45.23.241
596,Udall,Bielefeld,ubielefeldgj@constantcontact.com,Male,236.144.10.189
597,Venus,Ary,varygk@exblog.jp,Female,200.13.216.76
598,Milt,Revitt,mrevittgl@reverbnation.com,Male,128.25.11.247
599,Myra,Gleave,mgleavegm@cdbaby.com,Female,69.142.78.134
600,Zachery,Scrafton,zscraftongn@bloomberg.com,Male,58.117.117.150
601,Alexandr,Rohfsen,arohfsengo@live.com,Male,193.123.243.11
602,Barret,Ivashov,bivashovgp@instagram.com,Male,35.147.216.134
603,Lira,Petters,lpettersgq@friendfeed.com,Female,195.100.247.211
604,Kerrie,Culley,kculleygr@t-online.de,Female,200.26.27.195
605,Cordie,Ranby,cranbygs@nationalgeographic.com,Female,25.226.154.85
606,Alvy,Sinkins,asinkinsgt@liveinternet.ru,Male,171.154.153.167
607,Pebrook,Carter,pcartergu@uol.com.br,Male,232.236.182.27
608,Sonnnie,Emlyn,semlyngv@nydailynews.com,Female,38.34.214.22
609,Kizzee,Shotton,kshottongw@51.la,Female,209.249.153.11
610,Ron,Lillecrap,rlillecrapgx@dropbox.com,Male,143.163.117.231
611,Krisha,Basini-Gazzi,kbasinigazzigy@topsy.com,Male,160.49.0.14
612,Anya,Keith,akeithgz@lycos.com,Female,213.164.61.55
613,Kate,Lancaster,klancasterh0@adobe.com,Female,9.253.73.134
614,Doretta,Arnely,darnelyh1@yale.edu,Female,142.147.19.212
615,Shawn,Wakefield,swakefieldh2@storify.com,Female,240.8.202.110
616,Angelle,Kimberly,akimberlyh3@123-reg.co.uk,Female,135.73.182.129
617,Damara,Withinshaw,dwithinshawh4@state.tx.us,Female,166.95.88.38
618,Valentia,Goodbar,vgoodbarh5@nasa.gov,Female,174.58.192.192
619,Perri,Proudley,pproudleyh6@uiuc.edu,Female,15.241.169.106
620,Melosa,Reyna,mreynah7@spotify.com,Female,160.14.247.149
621,Haskell,Dymocke,hdymockeh8@opensource.org,Male,2.80.44.42
622,Cleopatra,Duckers,cduckersh9@prweb.com,Female,168.89.200.29
623,Clark,Lillgard,clillgardha@virginia.edu,Male,9.69.32.67
624,Lazare,Jackalin,ljackalinhb@foxnews.com,Male,6.7.57.147
625,Fanchon,Sabatini,fsabatinihc@newsvine.com,Female,73.186.31.63
626,Hakim,Pilger,hpilgerhd@techcrunch.com,Male,51.242.42.64
627,Emmalynn,de Amaya,edeamayahe@amazon.com,Female,49.138.78.98
628,Basil,Strudwick,bstrudwickhf@springer.com,Male,207.80.30.77
629,Ninette,Bryett,nbryetthg@harvard.edu,Female,69.134.205.102
630,Lucie,Mazzia,lmazziahh@opera.com,Female,153.98.116.133
631,Iseabal,Borris,iborrishi@wisc.edu,Female,2.56.169.185
632,Eduardo,Sneath,esneathhj@fastcompany.com,Male,45.176.168.50
633,Darby,Father,dfatherhk@nps.gov,Male,191.168.27.142
634,Jedediah,Birk,jbirkhl@chronoengine.com,Male,219.31.23.111
635,Cross,McGuane,cmcguanehm@scribd.com,Male,25.235.46.129
636,Ev,Loftin,eloftinhn@rediff.com,Male,231.23.200.61
637,Dalton,Roglieri,droglieriho@mayoclinic.com,Male,157.128.135.205
638,Tove,Licence,tlicencehp@cmu.edu,Female,215.202.101.53
639,Granville,McOwen,gmcowenhq@sphinn.com,Male,81.191.147.50
640,Josey,Berger,jbergerhr@blogspot.com,Female,247.217.149.55
641,Ferrell,Drummond,fdrummondhs@vkontakte.ru,Male,25.183.31.72
642,Blithe,Ickov,bickovht@livejournal.com,Female,118.197.189.71
643,Julienne,Watting,jwattinghu@columbia.edu,Female,140.33.85.13
644,Weber,Manwell,wmanwellhv@home.pl,Male,209.86.80.144
645,Ingaberg,Iacopo,iiacopohw@cafepress.com,Female,253.127.150.233
646,Holmes,McKimm,hmckimmhx@slashdot.org,Male,183.12.248.184
647,Rhona,Terrill,rterrillhy@last.fm,Female,189.24.206.228
648,Stirling,Chumley,schumleyhz@kickstarter.com,Male,114.231.179.255
649,Agnola,Ogg,aoggi0@sitemeter.com,Female,91.190.238.189
650,Shaughn,Hedaux,shedauxi1@nydailynews.com,Male,60.191.30.243
651,Clarey,Chaulk,cchaulki2@weebly.com,Female,53.161.124.178
652,Olympia,Lant,olanti3@livejournal.com,Female,9.244.126.133
653,Henka,Baszniak,hbaszniaki4@cloudflare.com,Female,164.129.122.43
654,Creighton,Emblow,cemblowi5@surveymonkey.com,Male,57.118.113.225
655,Arron,Woolfoot,awoolfooti6@google.fr,Male,224.137.83.65
656,Justus,Ivushkin,jivushkini7@vkontakte.ru,Male,175.114.191.241
657,Lethia,Fluger,lflugeri8@plala.or.jp,Female,0.100.227.197
658,Lem,Benfell,lbenfelli9@cornell.edu,Male,105.94.70.13
659,Charis,Burkman,cburkmania@stanford.edu,Female,10.29.255.98
660,Reeba,Casetta,rcasettaib@feedburner.com,Female,200.105.72.172
661,Cy,Alchin,calchinic@reddit.com,Male,69.101.134.105
662,Paton,Dearnly,pdearnlyid@nyu.edu,Male,130.252.212.227
663,Noel,Dunkerk,ndunkerkie@zimbio.com,Male,27.122.189.238
664,Raffaello,Dabbes,rdabbesif@istockphoto.com,Male,45.57.242.143
665,Tye,Uden,tudenig@sakura.ne.jp,Male,106.98.90.184
666,Winfred,Postles,wpostlesih@linkedin.com,Male,145.20.73.153
667,Enrika,Buckie,ebuckieii@google.es,Female,92.131.213.180
668,Cate,Dabling,cdablingij@1und1.de,Female,176.242.233.6
669,Issie,Gillison,igillisonik@cbsnews.com,Female,76.247.188.58
670,Stillmann,Pennicard,spennicardil@friendfeed.com,Male,145.100.41.219
671,Maiga,Snary,msnaryim@comsenz.com,Female,98.64.118.146
672,Rolfe,Singers,rsingersin@intel.com,Male,255.102.100.213
673,Jared,Leeds,jleedsio@ebay.com,Male,155.21.13.180
674,Jackie,Chadbourn,jchadbournip@unc.edu,Male,218.232.172.152
675,Elaina,Ackerman,eackermaniq@ft.com,Female,215.94.13.71
676,Eula,Norcutt,enorcuttir@google.ru,Female,24.122.23.189
677,Uriel,Ardley,uardleyis@posterous.com,Male,205.51.164.28
678,Kevan,Batcock,kbatcockit@spiegel.de,Male,151.64.166.242
679,Sharlene,Lembrick,slembrickiu@google.es,Female,30.155.229.121
680,Ivonne,O'Dowd,iodowdiv@umich.edu,Female,131.98.73.128
681,Darn,Crumly,dcrumlyiw@sfgate.com,Male,79.179.24.27
682,Jermain,Bianco,jbiancoix@photobucket.com,Male,213.46.26.17
683,Elizabet,Yarham,eyarhamiy@springer.com,Female,162.200.163.0
684,Romonda,Le Noury,rlenouryiz@digg.com,Female,107.235.78.0
685,Viviana,Downe,vdownej0@princeton.edu,Female,167.191.252.43
686,Connor,Ferreres,cferreresj1@mozilla.org,Male,53.233.75.50
687,Christophe,Attree,cattreej2@gizmodo.com,Male,215.15.60.236
688,Morry,Rooke,mrookej3@virginia.edu,Male,103.25.51.153
689,Nickola,Pauls,npaulsj4@cornell.edu,Male,240.139.145.118
690,Viviene,MacScherie,vmacscheriej5@harvard.edu,Female,159.22.224.3
691,Ives,Collington,icollingtonj6@dell.com,Male,11.115.119.209
692,Tatiania,Inkpin,tinkpinj7@bigcartel.com,Female,129.136.167.102
693,Ximenes,Convery,xconveryj8@seesaa.net,Male,197.211.252.136
694,Cesar,Gilstin,cgilstinj9@ftc.gov,Male,78.131.142.152
695,Amory,Bittleson,abittlesonja@w3.org,Male,103.10.137.185
696,Winifred,Braunston,wbraunstonjb@stumbleupon.com,Female,234.20.68.28
697,Salem,Erley,serleyjc@kickstarter.com,Male,4.160.247.176
698,Ranee,Barniss,rbarnissjd@yelp.com,Female,193.109.84.198
699,Fraze,Launchbury,flaunchburyje@soundcloud.com,Male,122.211.171.157
700,Mariquilla,Cranstone,mcranstonejf@clickbank.net,Female,229.200.229.139
701,Chiquita,Dilliston,cdillistonjg@altervista.org,Female,234.214.71.198
702,Dulcine,Spatig,dspatigjh@comcast.net,Female,147.181.124.216
703,Oliviero,Pabel,opabelji@mysql.com,Male,55.42.87.237
704,Lorrie,Gockelen,lgockelenjj@issuu.com,Female,230.53.48.162
705,Harman,Botham,hbothamjk@w3.org,Male,63.194.70.209
706,Consolata,Shynn,cshynnjl@studiopress.com,Female,190.31.183.166
707,Freddy,Mount,fmountjm@opensource.org,Male,85.119.145.113
708,Dominik,Ielden,dieldenjn@sfgate.com,Male,210.73.41.181
709,Johannah,Westall,jwestalljo@slate.com,Female,70.178.93.254
710,Birgitta,Horry,bhorryjp@jalbum.net,Female,203.122.127.145
711,Kayla,Yashnov,kyashnovjq@wisc.edu,Female,228.26.196.205
712,Marylinda,Tellenbrook,mtellenbrookjr@live.com,Female,44.121.27.230
713,Imelda,Dilland,idillandjs@devhub.com,Female,11.40.161.83
714,Mamie,Snelgrove,msnelgrovejt@netvibes.com,Female,37.178.222.55
715,Horten,Adess,hadessju@usda.gov,Male,45.9.52.66
716,Mikol,Isaksson,misakssonjv@g.co,Male,171.238.145.246
717,Austina,Cheeke,acheekejw@networkadvertising.org,Female,53.24.124.86
718,Lulu,Olivi,lolivijx@businesswire.com,Female,206.153.131.192
719,Rochester,Brumpton,rbrumptonjy@google.com.au,Male,72.147.35.63
720,Christoffer,Meeland,cmeelandjz@storify.com,Male,57.74.44.95
721,Orly,Haynes,ohaynesk0@unicef.org,Female,96.190.60.173
722,Geri,Tummons,gtummonsk1@goo.ne.jp,Male,78.46.241.197
723,Gabby,Clemas,gclemask2@netlog.com,Male,165.189.131.203
724,Newton,Rous,nrousk3@technorati.com,Male,219.6.167.89
725,Leila,De Laci,ldelacik4@mozilla.org,Female,136.109.228.205
726,Lila,Geram,lgeramk5@cdbaby.com,Female,149.29.71.215
727,Marena,Bernaldez,mbernaldezk6@liveinternet.ru,Female,196.122.218.77
728,Kenon,Linning,klinningk7@theguardian.com,Male,61.242.4.179
729,L;urette,Noar,lnoark8@hibu.com,Female,40.89.18.39
730,Samaria,Juster,sjusterk9@illinois.edu,Female,150.1.210.53
731,Dorine,Townrow,dtownrowka@ameblo.jp,Female,87.52.177.187
732,Malia,Degoe,mdegoekb@sciencedirect.com,Female,121.186.25.243
733,Georgy,Sauniere,gsaunierekc@boston.com,Male,221.201.28.236
734,Yolanthe,De la croix,ydelacroixkd@disqus.com,Female,182.194.161.9
735,Giorgio,Feaks,gfeakske@apache.org,Male,126.195.186.196
736,York,Vickers,yvickerskf@paypal.com,Male,240.103.226.8
737,Luther,Fewtrell,lfewtrellkg@usda.gov,Male,197.136.115.194
738,Bess,Aizikowitz,baizikowitzkh@dmoz.org,Female,67.11.247.168
739,Benedicto,Momford,bmomfordki@cmu.edu,Male,203.239.140.94
740,Arlie,Etty,aettykj@bandcamp.com,Female,216.150.214.43
741,Della,Vlasov,dvlasovkk@soup.io,Female,1.111.4.192
742,Octavia,Hindrich,ohindrichkl@jigsy.com,Female,157.135.165.121
743,Ailina,Lisimore,alisimorekm@youtu.be,Female,244.5.230.151
744,Hildegaard,Jossel,hjosselkn@buzzfeed.com,Female,182.244.149.71
745,Tirrell,Castle,tcastleko@goo.ne.jp,Male,50.197.29.228
746,Smitty,Dodding,sdoddingkp@nhs.uk,Male,176.191.248.77
747,Erhard,Vairow,evairowkq@desdev.cn,Male,154.181.254.214
748,Ellissa,Brodhead,ebrodheadkr@omniture.com,Female,151.14.126.125
749,Nadeen,Livingstone,nlivingstoneks@imageshack.us,Female,96.96.209.136
750,Maxwell,Rochewell,mrochewellkt@squarespace.com,Male,165.47.35.139
751,Ossie,Dacre,odacreku@issuu.com,Male,74.23.107.130
752,Artie,Manssuer,amanssuerkv@dyndns.org,Male,225.66.5.43
753,Gaylor,Cowie,gcowiekw@miibeian.gov.cn,Male,95.24.117.101
754,Kim,Faucett,kfaucettkx@sciencedirect.com,Female,169.139.239.5
755,Pace,Leatt,pleattky@privacy.gov.au,Male,204.250.59.97
756,Adelbert,Looby,aloobykz@dailymail.co.uk,Male,45.44.251.208
757,Cicely,Yanshinov,cyanshinovl0@ftc.gov,Female,37.159.226.214
758,Bear,Hartup,bhartupl1@craigslist.org,Male,163.230.114.118
759,Calida,Burnhard,cburnhardl2@purevolume.com,Female,238.92.224.104
760,Sibbie,Malling,smallingl3@accuweather.com,Female,14.242.92.156
761,Theodoric,Tonsley,ttonsleyl4@livejournal.com,Male,65.178.42.198
762,Terrill,Zanetto,tzanettol5@so-net.ne.jp,Male,236.33.111.90
763,Uriah,Steventon,usteventonl6@columbia.edu,Male,79.12.17.60
764,Batholomew,Cowdroy,bcowdroyl7@posterous.com,Male,33.239.2.206
765,Nathalie,Crutchley,ncrutchleyl8@google.pl,Female,46.151.201.203
766,Bab,Eglington,beglingtonl9@nytimes.com,Female,112.4.30.159
767,Godiva,Volette,gvolettela@craigslist.org,Female,246.142.207.135
768,Levin,Beadnell,lbeadnelllb@bigcartel.com,Male,196.200.100.237
769,Lanie,Devanny,ldevannylc@state.gov,Female,141.16.36.4
770,Barnie,Whinray,bwhinrayld@ox.ac.uk,Male,60.213.136.96
771,Mercy,Housecroft,mhousecroftle@bluehost.com,Female,230.253.178.182
772,Brooks,Witherington,bwitheringtonlf@example.com,Male,163.99.141.172
773,Ddene,Bruni,dbrunilg@disqus.com,Female,198.131.238.201
774,Ginevra,Frammingham,gframminghamlh@desdev.cn,Female,166.35.132.36
775,Isador,Francescozzi,ifrancescozzili@dagondesign.com,Male,207.229.55.0
776,Ashil,Awty,aawtylj@theguardian.com,Female,126.44.144.124
777,Gleda,Prowting,gprowtinglk@friendfeed.com,Female,4.193.234.34
778,Conan,De Bischof,cdebischofll@constantcontact.com,Male,196.25.45.56
779,Teddy,Zack,tzacklm@oracle.com,Female,29.137.234.140
780,Morry,Calderbank,mcalderbankln@ocn.ne.jp,Male,224.242.94.5
781,Phip,Wordsworth,pwordsworthlo@cnbc.com,Male,47.33.220.249
782,Raffarty,Costerd,rcosterdlp@berkeley.edu,Male,152.254.220.54
783,Tildy,Milner,tmilnerlq@independent.co.uk,Female,48.212.17.145
784,Carlos,Dandy,cdandylr@huffingtonpost.com,Male,172.106.159.129
785,Riordan,Diggell,rdiggellls@dyndns.org,Male,230.182.20.15
786,Talbert,La Grange,tlagrangelt@mapquest.com,Male,60.248.129.195
787,Pancho,Faustian,pfaustianlu@deliciousdays.com,Male,172.40.253.123
788,Alameda,Clementucci,aclementuccilv@unesco.org,Female,18.203.137.141
789,Dimitri,Godfroy,dgodfroylw@ft.com,Male,217.53.63.221
790,Nowell,Karsh,nkarshlx@facebook.com,Male,146.91.201.117
791,Jobye,Golthorpp,jgolthorpply@pcworld.com,Female,12.246.222.69
792,Wang,Skedgell,wskedgelllz@behance.net,Male,197.66.7.127
793,Sally,Derby,sderbym0@prweb.com,Female,207.201.217.116
794,Cooper,Jestico,cjesticom1@flavors.me,Male,16.196.213.231
795,Phillip,McLernon,pmclernonm2@hibu.com,Male,109.66.144.156
796,Killy,Mossom,kmossomm3@nsw.gov.au,Male,123.28.121.22
797,Evangelina,Carolan,ecarolanm4@youtube.com,Female,178.213.215.9
798,Torey,Gierck,tgierckm5@reddit.com,Female,169.194.71.229
799,Herve,Barrell,hbarrellm6@home.pl,Male,179.62.70.92
800,Cesare,Paulley,cpaulleym7@state.gov,Male,121.191.85.63
801,Romonda,Byers,rbyersm8@state.tx.us,Female,47.136.192.170
802,Georas,Hargess,ghargessm9@unblog.fr,Male,5.128.54.153
803,Janeva,Epps,jeppsma@comcast.net,Female,162.14.142.219
804,Tiebout,McMaster,tmcmastermb@jigsy.com,Male,131.67.89.195
805,Natty,Lanfear,nlanfearmc@blogspot.com,Male,130.18.32.41
806,Zackariah,MacDonogh,zmacdonoghmd@ft.com,Male,22.167.183.188
807,Mommy,Wiffen,mwiffenme@fc2.com,Female,184.190.9.235
808,Tamma,Morrid,tmorridmf@fema.gov,Female,124.74.29.155
809,Friedrich,Lansdown,flansdownmg@tinyurl.com,Male,230.88.223.99
810,Hyman,Moriarty,hmoriartymh@illinois.edu,Male,80.170.170.74
811,Corbet,Paaso,cpaasomi@jalbum.net,Male,255.188.150.48
812,Buddie,McQueen,bmcqueenmj@webs.com,Male,65.252.63.135
813,Worthington,Latek,wlatekmk@state.tx.us,Male,198.87.161.198
814,Koralle,Crust,kcrustml@ucla.edu,Female,255.97.44.208
815,Mohammed,Blampied,mblampiedmm@rakuten.co.jp,Male,92.123.198.35
816,Dorey,Etheredge,detheredgemn@foxnews.com,Male,19.3.121.82
817,Raquela,Agates,ragatesmo@twitpic.com,Female,206.39.168.39
818,Reece,Libbie,rlibbiemp@whitehouse.gov,Male,183.197.47.30
819,Barron,Esser,bessermq@bravesites.com,Male,50.174.127.111
820,Mike,Cranmore,mcranmoremr@prweb.com,Male,45.119.42.94
821,Henka,Fleis,hfleisms@google.it,Female,27.14.99.20
822,Ram,Todari,rtodarimt@cargocollective.com,Male,92.252.82.83
823,Lammond,Pumphrey,lpumphreymu@bloglines.com,Male,201.41.76.201
824,Con,Risborough,crisboroughmv@cornell.edu,Male,225.118.239.221
825,Sanders,Maron,smaronmw@chron.com,Male,49.235.186.6
826,Rozanna,McGenn,rmcgennmx@skype.com,Female,138.67.64.27
827,Zonnya,Rugg,zruggmy@friendfeed.com,Female,11.190.62.29
828,Edi,Insley,einsleymz@webs.com,Female,105.53.49.23
829,Laurette,Dumbare,ldumbaren0@github.com,Female,33.15.165.252
830,Sean,Cockson,scocksonn1@drupal.org,Male,195.102.35.127
831,Otha,Dimelow,odimelown2@mapy.cz,Female,119.136.179.182
832,Myra,Couroy,mcouroyn3@sitemeter.com,Female,83.239.165.1
833,Morrie,Ruckert,mruckertn4@ezinearticles.com,Male,191.175.221.66
834,Darya,Bernat,dbernatn5@ftc.gov,Female,198.114.162.248
835,Tobi,McCulley,tmcculleyn6@cmu.edu,Female,105.176.10.239
836,Fran,Pilley,fpilleyn7@lulu.com,Male,20.20.33.134
837,Bourke,Andrich,bandrichn8@tamu.edu,Male,92.53.165.13
838,Keeley,Arstingall,karstingalln9@topsy.com,Female,36.224.116.80
839,Sherlock,Cockroft,scockroftna@marriott.com,Male,181.213.61.223
840,Elisabet,Wyborn,ewybornnb@unesco.org,Female,128.201.210.223
841,Sibylle,Stow,sstownc@dyndns.org,Female,116.119.230.132
842,Patrick,Lantiff,plantiffnd@cornell.edu,Male,43.179.251.44
843,Waneta,Arenson,warensonne@foxnews.com,Female,227.57.154.18
844,Eula,Dauncey,edaunceynf@imgur.com,Female,191.134.209.136
845,Cal,Adney,cadneyng@instagram.com,Male,88.161.85.83
846,Gilbertine,Chritchley,gchritchleynh@msu.edu,Female,209.184.147.65
847,Chane,Snodden,csnoddenni@hexun.com,Male,107.105.18.235
848,Everard,Fabb,efabbnj@xinhuanet.com,Male,211.200.227.175
849,Veronika,Solesbury,vsolesburynk@globo.com,Female,137.110.238.85
850,Aloysius,Rohmer,arohmernl@arstechnica.com,Male,88.6.83.155
851,Sylas,Behagg,sbehaggnm@yolasite.com,Male,175.228.2.40
852,Angie,Braghini,abraghininn@wix.com,Male,81.171.249.94
853,Koren,Leale,klealeno@histats.com,Female,33.42.80.241
854,Stanton,Gosenell,sgosenellnp@dyndns.org,Male,187.249.190.221
855,Brod,Dargie,bdargienq@theatlantic.com,Male,36.243.165.65
856,Hayes,Brentnall,hbrentnallnr@howstuffworks.com,Male,147.45.126.137
857,Addison,Rushford,arushfordns@sakura.ne.jp,Male,146.30.125.196
858,Hunfredo,Hatliffe,hhatliffent@theatlantic.com,Male,35.45.77.121
859,Tanny,Heatly,theatlynu@quantcast.com,Male,242.247.28.120
860,Doralin,Molyneaux,dmolyneauxnv@mozilla.org,Female,113.31.218.212
861,Kassey,Durnall,kdurnallnw@mac.com,Female,9.236.241.56
862,Ev,Casella,ecasellanx@google.cn,Male,114.86.189.225
863,Lester,Bordone,lbordoneny@shutterfly.com,Male,137.225.43.110
864,Marena,Medgwick,mmedgwicknz@printfriendly.com,Female,79.84.251.198
865,Earlie,Alderman,ealdermano0@jalbum.net,Male,242.72.230.70
866,Erny,Molloy,emolloyo1@jimdo.com,Male,177.0.46.248
867,Arvy,Yakutin,ayakutino2@cafepress.com,Male,20.38.255.107
868,Kial,Attreed,kattreedo3@scientificamerican.com,Female,190.114.220.115
869,Arch,MacMeeking,amacmeekingo4@ucla.edu,Male,254.198.28.164
870,Leighton,Crosthwaite,lcrosthwaiteo5@nytimes.com,Male,202.224.170.145
871,Carlyn,Lindhe,clindheo6@imgur.com,Female,141.128.18.131
872,Vernon,Kipling,vkiplingo7@wix.com,Male,148.72.240.29
873,Ewan,Alldred,ealldredo8@blogtalkradio.com,Male,164.154.1.238
874,Elvis,Cristea,ecristeao9@umn.edu,Male,169.113.193.193
875,Torr,Proschke,tproschkeoa@hugedomains.com,Male,3.108.223.154
876,Gabriell,Gregoratti,ggregorattiob@mac.com,Female,134.16.211.76
877,Salvidor,Aylwin,saylwinoc@google.ca,Male,32.195.86.13
878,Nerti,Jesty,njestyod@nps.gov,Female,34.121.217.158
879,Bartholomeo,Otley,botleyoe@yolasite.com,Male,53.98.55.226
880,Killy,Nester,knesterof@buzzfeed.com,Male,63.109.127.108
881,Idette,Grollmann,igrollmannog@so-net.ne.jp,Female,232.112.9.233
882,Honor,Herreros,hherrerosoh@usnews.com,Female,14.234.244.208
883,Cilka,Iceton,cicetonoi@state.gov,Female,176.26.32.243
884,Vinson,Haighton,vhaightonoj@tmall.com,Male,103.91.109.118
885,Niki,Lothlorien,nlothlorienok@miitbeian.gov.cn,Female,23.185.201.191
886,Othello,Latan,olatanol@gravatar.com,Male,57.85.7.50
887,Kacy,Studdert,kstuddertom@amazon.com,Female,77.180.194.252
888,Broderick,Itzik,bitzikon@salon.com,Male,215.73.205.19
889,Gipsy,Sammonds,gsammondsoo@soup.io,Female,55.15.152.28
890,Karlik,Curneen,kcurneenop@hubpages.com,Male,150.83.176.72
891,Jamal,Relton,jreltonoq@japanpost.jp,Male,39.93.186.160
892,Emerson,Kilgrew,ekilgrewor@typepad.com,Male,106.191.49.136
893,Prescott,Stimpson,pstimpsonos@washington.edu,Male,109.73.249.145
894,Brett,Mounsey,bmounseyot@goo.gl,Male,63.140.147.15
895,Kari,Doles,kdolesou@tinypic.com,Female,97.218.109.246
896,Emilia,De Stoop,edestoopov@liveinternet.ru,Female,105.179.0.91
897,Marlow,Hawick,mhawickow@tamu.edu,Male,212.11.136.174
898,Maurise,Crennell,mcrennellox@blogs.com,Male,7.85.146.138
899,Jarret,Peeke-Vout,jpeekevoutoy@newyorker.com,Male,250.231.24.65
900,Abdul,Bosward,aboswardoz@dell.com,Male,37.193.41.31
901,Jo,Heads,jheadsp0@soup.io,Female,74.210.127.168
902,Ahmad,Kirby,akirbyp1@wordpress.com,Male,125.250.209.20
903,Flin,Hadcock,fhadcockp2@fc2.com,Male,72.87.209.203
904,Mimi,Matlock,mmatlockp3@phoca.cz,Female,241.41.73.150
905,Arlyn,Ambrozewicz,aambrozewiczp4@theatlantic.com,Female,84.109.249.138
906,Berti,Vaud,bvaudp5@zdnet.com,Female,56.124.165.39
907,Karine,Freire,kfreirep6@macromedia.com,Female,34.170.38.110
908,Agna,Choules,achoulesp7@mapy.cz,Female,81.124.232.38
909,Emilee,Caldaro,ecaldarop8@edublogs.org,Female,235.250.104.30
910,Joann,Casaroli,jcasarolip9@wordpress.org,Female,140.132.205.255
911,Torrie,Badrick,tbadrickpa@aol.com,Female,56.197.139.159
912,Tull,Vlasin,tvlasinpb@dailymotion.com,Male,214.183.153.66
913,Merwin,Arnopp,marnopppc@nymag.com,Male,196.230.41.23
914,Ranice,Kondrachenko,rkondrachenkopd@webeden.co.uk,Female,156.48.166.156
915,Clifford,Bragge,cbraggepe@acquirethisname.com,Male,25.57.141.51
916,Forester,Batalini,fbatalinipf@time.com,Male,27.135.20.100
917,Horatia,Shegog,hshegogpg@pcworld.com,Female,21.55.81.92
918,Chen,Flegg,cfleggph@sfgate.com,Male,207.151.10.253
919,Madison,Pennigar,mpennigarpi@skyrock.com,Male,11.74.75.132
920,Randolf,Manley,rmanleypj@deliciousdays.com,Male,218.9.107.161
921,Kassia,Akroyd,kakroydpk@google.it,Female,172.127.208.69
922,Rouvin,Smithin,rsmithinpl@arstechnica.com,Male,237.84.106.233
923,Orsa,Thirwell,othirwellpm@twitpic.com,Female,141.31.85.224
924,Zorana,Luddy,zluddypn@squidoo.com,Female,218.119.125.137
925,Alexandra,Earp,aearppo@shinystat.com,Female,186.217.101.65
926,Jean,Ben,jbenpp@unblog.fr,Female,44.94.74.16
927,Pascale,Nellen,pnellenpq@scientificamerican.com,Male,2.111.136.135
928,Nicholle,Carss,ncarsspr@cnbc.com,Female,174.28.196.22
929,Giffer,Goodie,ggoodieps@cornell.edu,Male,149.124.148.22
930,Georgeanna,Fishbourne,gfishbournept@webeden.co.uk,Female,57.220.19.171
931,Joycelin,Sego,jsegopu@nationalgeographic.com,Female,21.22.48.117
932,Paul,Bice,pbicepv@mashable.com,Male,118.91.148.170
933,Nealon,Laurenson,nlaurensonpw@behance.net,Male,133.52.238.165
934,Skyler,Schuricht,sschurichtpx@cbslocal.com,Male,119.80.27.105
935,Alia,Lartice,alarticepy@cnbc.com,Female,136.142.63.224
936,Travis,Dootson,tdootsonpz@hugedomains.com,Male,80.179.36.193
937,Joshua,Prantl,jprantlq0@thetimes.co.uk,Male,28.153.203.19
938,Dorise,Rothera,drotheraq1@amazon.co.uk,Female,216.141.117.10
939,Roanna,McIlwrick,rmcilwrickq2@github.io,Female,243.40.198.169
940,Antony,Itzcovichch,aitzcovichchq3@engadget.com,Male,153.52.221.43
941,Tiffie,Boone,tbooneq4@hugedomains.com,Female,251.25.60.161
942,Mitchael,Donkersley,mdonkersleyq5@va.gov,Male,71.207.17.218
943,Linn,Frondt,lfrondtq6@hao123.com,Male,20.112.224.208
944,Lani,Boame,lboameq7@newyorker.com,Female,97.148.77.192
945,Allene,Greenhow,agreenhowq8@netlog.com,Female,106.34.74.79
946,Brent,Elsley,belsleyq9@elegantthemes.com,Male,75.88.215.75
947,Sloan,Skelbeck,sskelbeckqa@domainmarket.com,Male,163.13.32.162
948,Grazia,Preddy,gpreddyqb@sina.com.cn,Female,228.250.142.248
949,Orelle,Josephsen,ojosephsenqc@ibm.com,Female,101.189.87.181
950,Valaree,Hillhouse,vhillhouseqd@yale.edu,Female,110.88.221.89
951,Tammy,Loughnan,tloughnanqe@shinystat.com,Male,195.57.83.77
952,Reggie,Canaan,rcanaanqf@google.de,Male,18.157.95.203
953,Iver,Camacke,icamackeqg@newsvine.com,Male,47.53.247.221
954,Abeu,Fischer,afischerqh@chronoengine.com,Male,116.87.235.127
955,Francisco,Atlee,fatleeqi@timesonline.co.uk,Male,83.96.210.2
956,Kermit,Liebmann,kliebmannqj@reverbnation.com,Male,157.203.118.209
957,Evan,Peebles,epeeblesqk@usatoday.com,Male,16.176.114.213
958,Pascal,Kleuer,pkleuerql@tuttocitta.it,Male,9.94.37.161
959,Clyve,Jancik,cjancikqm@infoseek.co.jp,Male,140.14.13.210
960,Toddy,McCallam,tmccallamqn@wikimedia.org,Male,46.113.197.187
961,Dolli,Scrimshaw,dscrimshawqo@mac.com,Female,147.160.21.188
962,Cart,Moncrefe,cmoncrefeqp@sogou.com,Male,64.113.246.213
963,Roscoe,Cunniffe,rcunniffeqq@bravesites.com,Male,142.36.215.197
964,Brock,Leggat,bleggatqr@telegraph.co.uk,Male,102.43.244.194
965,Shanna,Notti,snottiqs@google.com.br,Female,166.59.32.82
966,Jason,Hugett,jhugettqt@icq.com,Male,84.81.111.221
967,Haleigh,Osipenko,hosipenkoqu@msn.com,Male,208.239.209.151
968,Gus,Sirr,gsirrqv@weibo.com,Female,139.191.42.188
969,Patrizia,Lidbetter,plidbetterqw@i2i.jp,Female,115.140.195.174
970,Giff,Paynes,gpaynesqx@marriott.com,Male,199.49.98.28
971,Philis,Toope,ptoopeqy@vistaprint.com,Female,89.101.59.255
972,Frederick,Petrusch,fpetruschqz@goo.ne.jp,Male,176.57.77.25
973,Shae,Leyninye,sleyninyer0@is.gd,Male,32.11.139.63
974,Venus,Fretwell,vfretwellr1@ning.com,Female,20.58.149.238
975,Blondie,Gingle,bgingler2@indiegogo.com,Female,102.253.151.43
976,Witty,Bevans,wbevansr3@symantec.com,Male,38.157.170.248
977,Garth,Keymer,gkeymerr4@upenn.edu,Male,27.110.253.153
978,Dore,Meachen,dmeachenr5@marriott.com,Female,83.73.34.94
979,Rea,Lohden,rlohdenr6@last.fm,Female,124.19.160.185
980,Nessie,Blitz,nblitzr7@cafepress.com,Female,232.9.38.207
981,Giuseppe,Filshin,gfilshinr8@photobucket.com,Male,99.94.106.221
982,Frazer,Simkovitz,fsimkovitzr9@storify.com,Male,166.183.144.89
983,Bunni,Alliker,ballikerra@hexun.com,Female,10.27.114.72
984,Stephanie,Lorens,slorensrb@com.com,Female,243.244.17.60
985,Deck,Labroue,dlabrouerc@usa.gov,Male,58.66.117.241
986,Gayle,Chown,gchownrd@friendfeed.com,Male,13.141.107.140
987,Thatch,Ennever,tenneverre@shutterfly.com,Male,59.23.98.247
988,Ari,Livesey,aliveseyrf@liveinternet.ru,Male,255.53.78.10
989,Jareb,Tuther,jtutherrg@usatoday.com,Male,197.142.211.109
990,Mikel,Poynzer,mpoynzerrh@globo.com,Male,248.29.167.143
991,Fanya,Hazelton,fhazeltonri@comcast.net,Female,131.62.76.166
992,Beniamino,Robertet,brobertetrj@springer.com,Male,150.16.124.65
993,Arlie,Jeffree,ajeffreerk@networksolutions.com,Female,118.98.114.21
994,Les,Bellow,lbellowrl@google.it,Male,197.252.76.184
995,Alvis,Furnival,afurnivalrm@wired.com,Male,47.19.103.123
996,Vassily,Coady,vcoadyrn@amazon.de,Male,76.135.40.151
997,Gwendolin,Silby,gsilbyro@geocities.jp,Female,113.78.244.167
998,Frederico,Tesmond,ftesmondrp@accuweather.com,Male,73.115.67.99
999,Ilaire,Kynaston,ikynastonrq@fotki.com,Male,108.222.39.11
1000,Rori,Oakwood,roakwoodrr@accuweather.com,Female,192.39.119.168
